ADGLAVIGVLMK_3	P00915ups|CAH1_HUMAN_UPS	0.999999
QITVNDLPVGR_3	Q06830ups|PRDX1_HUMAN_UPS	0.999999
FKDLGEENFK_3	P02768ups|ALBU_HUMAN_UPS	0.999999
LVAASQAALGL_2	P02768ups|ALBU_HUMAN_UPS	0.999999
ADGLAVIGVLMK_2	P00915ups|CAH1_HUMAN_UPS	0.999999
YLYEIAR_2	P02768ups|ALBU_HUMAN_UPS	0.999999
SADFTNFDPR_2	P00918ups|CAH2_HUMAN_UPS	0.999999
MSPILGYWK_2	P63165ups|SUMO1_HUMAN_UPS	0.999999
VVAGVANALAHK_2	P68871ups|HBB_HUMAN_UPS	0.999999
DDNPNLPR_2	P02768ups|ALBU_HUMAN_UPS	0.999999
LSQRFPK_2	P02768ups|ALBU_HUMAN_UPS	0.999999
LVQAFQFTDK_2	Q06830ups|PRDX1_HUMAN_UPS	0.999999
QITVNDLPVGR_2	Q06830ups|PRDX1_HUMAN_UPS	0.999999
ATKEQLK_2	P02768ups|ALBU_HUMAN_UPS	0.999999
LCENIAGHLK_2	P04040ups|CATA_HUMAN_UPS	0.999999
FKDLGEENFK_2	P02768ups|ALBU_HUMAN_UPS	0.999999
AALEELVK_2	P12081ups|SYHC_HUMAN_UPS	0.999999
DQGGELLSLR_2	P12081ups|SYHC_HUMAN_UPS	0.999999
YEEHLYER_2	P63165ups|SUMO1_HUMAN_UPS	0.999999
CCTESLVNR_2	P02768ups|ALBU_HUMAN_UPS	0.999999
DVCKNYAEAK_2	P02768ups|ALBU_HUMAN_UPS	0.999999
LKAQLGPDESK_2	P12081ups|SYHC_HUMAN_UPS	0.999999
SLASDITDEQK_2	P16083ups|NQO2_HUMAN_UPS	0.999997
TLSDYNIQK_2	P62988ups|UBIQ_HUMAN_UPS	0.999996
GSHMQIFVK_2	P62988ups|UBIQ_HUMAN_UPS	0.999996
DLLHVLAFSK_2	P41159ups|LEP_HUMAN_UPS	0.999992
VLDALQAIKTK_3	P00915ups|CAH1_HUMAN_UPS	0.999752
FHYKTDQGIK_3	P04040ups|CATA_HUMAN_UPS	0.999637
VVDVLDSIKTK_3	P00918ups|CAH2_HUMAN_UPS	0.999417
ATAVMPDGQFK_2	Q06830ups|PRDX1_HUMAN_UPS	0.999081
LTQSMAIIR_2	P63165ups|SUMO1_HUMAN_UPS	0.999072
KQTALVELVK_2	P02768ups|ALBU_HUMAN_UPS	0.99893
QTALVELVK_2	P02768ups|ALBU_HUMAN_UPS	0.998873
SLHTLFGDK_2	P02768ups|ALBU_HUMAN_UPS	0.998835
KYLYEIAR_2	P02768ups|ALBU_HUMAN_UPS	0.998695
VLDALQAIKTK_2	P00915ups|CAH1_HUMAN_UPS	0.998691
LVNEVTEFAK_2	P02768ups|ALBU_HUMAN_UPS	0.998504
TIAQDYGVLK_2	Q06830ups|PRDX1_HUMAN_UPS	0.998365
NECFLQHK_2	P02768ups|ALBU_HUMAN_UPS	0.998323
DAQIFIQKK_2	P04040ups|CATA_HUMAN_UPS	0.998201
LCTVATLR_2	P02768ups|ALBU_HUMAN_UPS	0.998099
LNVITVGPR_2	P04040ups|CATA_HUMAN_UPS	0.998016
ALIVLAHSER_2	P15559ups|NQO1_HUMAN_UPS	0.997886
GLFIIDDK_2	Q06830ups|PRDX1_HUMAN_UPS	0.997785
SVDETLR_2	Q06830ups|PRDX1_HUMAN_UPS	0.997782
EAAAAALKK_2	P15559ups|NQO1_HUMAN_UPS	0.997707
KLVAASQAALGL_2	P02768ups|ALBU_HUMAN_UPS	0.997693
RIEAIPQIDK_2	P63165ups|SUMO1_HUMAN_UPS	0.997683
DLGEENFK_2	P02768ups|ALBU_HUMAN_UPS	0.997669
YSSLAEAASK_2	P00915ups|CAH1_HUMAN_UPS	0.997661
DAQIFIQK_2	P04040ups|CATA_HUMAN_UPS	0.997494
VFDVIIR_2	P12081ups|SYHC_HUMAN_UPS	0.997419
FGLSVGHHLGK_2	P15559ups|NQO1_HUMAN_UPS	0.997204
QGVPMNSLR_2	P63165ups|SUMO1_HUMAN_UPS	0.997172
LDELRDEGK_2	P02768ups|ALBU_HUMAN_UPS	0.997101
IFSIVEQR_2	P12081ups|SYHC_HUMAN_UPS	0.99709
LKCASLQK_2	P02768ups|ALBU_HUMAN_UPS	0.997003
KEVQDEEK_2	P15559ups|NQO1_HUMAN_UPS	0.996791
VVDVLDSIK_2	P00918ups|CAH2_HUMAN_UPS	0.996559
REDLVEEIK_2	P12081ups|SYHC_HUMAN_UPS	0.996545
IGHPAPNFK_2	Q06830ups|PRDX1_HUMAN_UPS	0.99624
GLAPEVADR_2	P12081ups|SYHC_HUMAN_UPS	0.996228
LLLEYLEEK_2	P63165ups|SUMO1_HUMAN_UPS	0.995915
YLYEIARR_2	P02768ups|ALBU_HUMAN_UPS	0.995835
ADEGISFR_2	Q06830ups|PRDX1_HUMAN_UPS	0.995809
NPQTHLK_2	P04040ups|CATA_HUMAN_UPS	0.995639
DISLSDYKGK_2	Q06830ups|PRDX1_HUMAN_UPS	0.995402
VLDALQAIK_2	P00915ups|CAH1_HUMAN_UPS	0.995392
ISFDLSLAR_2	P12081ups|SYHC_HUMAN_UPS	0.995355
VFEHIGK_2	P04040ups|CATA_HUMAN_UPS	0.995076
AQLGPDESK_2	P12081ups|SYHC_HUMAN_UPS	0.994854
NGPEQWSK_2	P00915ups|CAH1_HUMAN_UPS	0.994666
LEALEEK_2	P12081ups|SYHC_HUMAN_UPS	0.994442
YNAEKPK_2	P04040ups|CATA_HUMAN_UPS	0.99361
VVDVLDSIKTK_2	P00918ups|CAH2_HUMAN_UPS	0.993599
LFAYPDTHR_2	P04040ups|CATA_HUMAN_UPS	0.993569
FLFEGQR_2	P63165ups|SUMO1_HUMAN_UPS	0.993021
DEGDKWR_2	P63165ups|SUMO1_HUMAN_UPS	0.993021
KGMVAAWSQR_2	P16083ups|NQO2_HUMAN_UPS	0.992844
GGPLDGTYR_2	P00918ups|CAH2_HUMAN_UPS	0.989471
SAVTALWGK_2	P68871ups|HBB_HUMAN_UPS	0.989297
VSFELFADK_2	P62937ups|PPIA_HUMAN_UPS	0.989284
KITIADCGQLE_2	P62937ups|PPIA_HUMAN_UPS	0.989029
FEDENFILK_2	P62937ups|PPIA_HUMAN_UPS	0.988653
LHVDPENFR_2	P68871ups|HBB_HUMAN_UPS	0.987743
YDGLVGMFDPK_2	P12081ups|SYHC_HUMAN_UPS	0.987508
TEWLDGK_2	P62937ups|PPIA_HUMAN_UPS	0.985576
AEFAEVSK_2	P02768ups|ALBU_HUMAN_UPS	0.985293
TDLNHENLK_2	P06732ups|KCRM_HUMAN_UPS	0.982133
CCKHPEAK_2	P02768ups|ALBU_HUMAN_UPS	0.981246
VHLTPEEK_2	P68871ups|HBB_HUMAN_UPS	0.973276
LVSELWDAGIK_2	P12081ups|SYHC_HUMAN_UPS	0.966627
VDPVNFK_2	P69905ups|HBA_HUMAN_UPS	0.965262
EKVFDVIIR_2	P12081ups|SYHC_HUMAN_UPS	0.964891
KIEEIAAK_2	P01031ups|CO5_HUMAN_UPS	0.964057
HNGPEHWHK_2	P00918ups|CAH2_HUMAN_UPS	0.963953
STWLILHHK_2	P00167ups|CYB5_HUMAN_UPS	0.95785
LRVDPVNFK_2	P69905ups|HBA_HUMAN_UPS	0.956783
YWGVASFLQK_2	P02753ups|RETBP_HUMAN_UPS	0.952772
GMVAAWSQR_2	P16083ups|NQO2_HUMAN_UPS	0.948975
FEEILTR_2	P06732ups|KCRM_HUMAN_UPS	0.948319
FQNALLVR_2	P02768ups|ALBU_HUMAN_UPS	0.943946
MTTHLKK_2	P63165ups|SUMO1_HUMAN_UPS	0.943656
HLAQVGDSMDR_2	P55957ups|BID_HUMAN_UPS	0.942234
VLSPADKTNVK_2	P69905ups|HBA_HUMAN_UPS	0.939059
DFPIAKGER_2	P00918ups|CAH2_HUMAN_UPS	0.938205
YYTLEEIQK_2	P00167ups|CYB5_HUMAN_UPS	0.932216
DLKWWELR_2	P01133ups|EGF_HUMAN_UPS	0.914759
NVAVDELSR_2	P16083ups|NQO2_HUMAN_UPS	0.903029
VGEANPKLQK_2	P00915ups|CAH1_HUMAN_UPS	0.898414
TPVSDRVTK_2	P02768ups|ALBU_HUMAN_UPS	0.88685
TSFNYAMK_2	P15559ups|NQO1_HUMAN_UPS	0.8831
EVQDEEK_2	P15559ups|NQO1_HUMAN_UPS	0.878857
DMASNYK_2	P02144ups|MYG_HUMAN_UPS	0.878124
EVQDEEKNK_2	P15559ups|NQO1_HUMAN_UPS	0.808606
DVCKNYAEAK_3	P02768ups|ALBU_HUMAN_UPS	0.756855
